symbol,entry_date,entry_price,exit_date,exit_price,size,pnl,reason,entry_type
INFY.NS,2022-12-07,1605.5,2022-12-19,1507.3499755859375,31,-3042.6507568359375,SL,20dma
ECLERX.NS,2022-12-06,1417.949951171875,2022-12-20,1339.9000244140625,35,-2731.7474365234375,SL,20dma
SJVN.NS,2022-12-14,38.650001525878906,2022-12-22,33.79999923706055,1293,-6271.052959442139,SL,20dma
RALLIS.NS,2022-12-20,248.5500030517578,2022-12-23,219.25,201,-5889.30061340332,SL,20dma
ACC.NS,2022-12-20,2592.5,2022-12-23,2374.10009765625,19,-4149.59814453125,SL,20dma
GRAPHITE.NS,2022-12-19,390.2999877929688,2022-12-23,351.6499938964844,128,-4947.199218750007,SL,20dma
MAZDOCK.NS,2022-12-14,439.625,2022-12-23,350.17498779296875,113,-10107.851379394531,SL,20dma
IBREALEST.NS,2022-12-14,84.25,2022-12-23,74.19999694824219,593,-5959.651809692383,SL,20dma
NBCC.NS,2022-12-12,26.76666641235352,2022-12-23,22.733333587646484,1867,-7530.232383728034,SL,20dma
DBL.NS,2022-12-12,228.4499969482422,2022-12-23,208.1000061035156,218,-4436.298004150397,SL,20dma
RELIANCE.NS,2022-12-08,1222.62841796875,2022-12-23,1154.764892578125,40,-2714.541015625,SL,20dma
UPL.NS,2022-12-07,778.1500244140625,2022-12-23,711.2000122070312,64,-4284.80078125,SL,20dma
RAILTEL.NS,2022-12-06,135.6999969482422,2022-12-23,114.4000015258789,368,-7838.3983154296875,SL,20dma
RAJESHEXPO.NS,2022-12-05,735.5,2022-12-23,636.0999755859375,67,-6659.8016357421875,SL,20dma
LTTS.NS,2022-12-16,3983.25,2022-12-29,3659.39990234375,12,-3886.201171875,SL,20dma
TATACONSUM.NS,2022-12-16,801.5499877929688,2022-12-30,766.9500122070312,62,-2145.198486328125,SL,20dma
OFSS.NS,2022-12-07,3108.85009765625,2023-01-03,2999.550048828125,16,-1748.80078125,DMA_CROSS,20dma
JKCEMENT.NS,2022-12-15,3084.5,2023-01-05,2884.300048828125,16,-3203.19921875,SL,20dma
VBL.NS,2022-12-29,271.44000244140625,2023-01-12,237.4199981689453,184,-6259.6807861328125,SL,20dma
ICICIGI.NS,2023-01-02,1241.3499755859375,2023-01-19,1169.5999755859375,40,-2870.0,SL,20dma
YESBANK.NS,2023-01-10,20.649999618530277,2023-01-23,18.149999618530277,2421,-6052.5,SL,20dma
SANOFI.NS,2023-01-02,5835.64990234375,2023-01-23,5626.60009765625,8,-1672.3984375,SL,20dma
POLICYBZR.NS,2022-12-27,465.0499877929688,2023-01-23,419.5499877929688,107,-4868.5,SL,20dma
RBLBANK.NS,2023-01-16,175.5500030517578,2023-01-27,150.64999389648438,284,-7071.602600097656,SL,20dma
IRB.NS,2023-01-06,30.25,2023-01-27,26.649999618530277,1652,-5947.200630187983,SL,20dma
POWERINDIA.NS,2023-01-04,3324.800048828125,2023-01-27,3018.550048828125,15,-4593.75,SL,20dma
NIACL.NS,2023-01-17,125.3499984741211,2023-02-01,109.5999984741211,398,-6268.5,SL,20dma
HINDCOPPER.NS,2023-01-27,123.4499969482422,2023-02-03,107.5,405,-6459.748764038091,SL,20dma
TATASTEEL.NS,2023-02-02,119.9499969482422,2023-02-07,111.4499969482422,416,-3536.0,SL,20dma
FACT.NS,2023-01-13,321.29998779296875,2023-02-13,259.8999938964844,155,-9516.999053955078,SL,20dma
GRINDWELL.NS,2023-02-14,1992.5999755859373,2023-02-27,1845.5,25,-3677.499389648432,SL,20dma
SONACOMS.NS,2023-02-22,457.2000122070313,2023-03-13,406.2000122070313,109,-5559.0,SL,20dma
GODREJCP.NS,2022-12-21,884.3499755859375,2023-03-16,932.3499755859376,56,2688.0000000000064,DMA_CROSS,20dma
TEAMLEASE.NS,2023-03-08,2525.75,2023-03-17,2371.14990234375,19,-2937.40185546875,SL,20dma
PERSISTENT.NS,2023-03-06,2439.0,2023-03-21,2238.27490234375,20,-4014.501953125,SL,20dma
VAIBHAVGBL.NS,2023-03-08,320.29998779296875,2023-03-23,295.75,156,-3829.798095703125,SL,20dma
VOLTAS.NS,2023-03-13,883.9000244140625,2023-03-24,821.7000122070312,56,-3483.20068359375,SL,20dma
SUPRAJIT.NS,2023-03-13,361.25,2023-03-28,331.79998779296875,138,-4064.1016845703125,SL,20dma
SYMPHONY.NS,2022-12-16,905.25,2023-03-29,1022.5499877929688,55,6451.499328613281,SL,20dma
CUMMINSIND.NS,2023-03-23,1630.5,2023-04-17,1498.6500244140625,30,-3955.499267578125,SL,20dma
NTPC.NS,2023-03-31,175.10000610351562,2023-04-19,167.10000610351562,285,-2280.0,SL,20dma
GODREJCP.NS,2023-04-25,963.2000122070312,2023-04-28,907.5,51,-2840.7006225585938,SL,20dma
DRREDDY.NS,2023-05-10,973.4600219726562,2023-05-11,906.4000244140624,51,-3420.059875488287,SL,20dma
ABBOTINDIA.NS,2023-04-26,22310.69921875,2023-05-15,21228.0,2,-2165.3984375,SL,20dma
OIL.NS,2022-12-09,136.43333435058594,2023-05-17,177.10000610351562,366,14884.001861572266,DMA_CROSS,20dma
NCC.NS,2022-12-21,84.0,2023-05-23,102.4000015258789,595,10948.00090789795,SL,20dma
SHILPAMED.NS,2023-05-10,258.45001220703125,2023-05-26,237.5500030517578,193,-4033.7017669677734,SL,20dma
FINCABLES.NS,2023-05-15,885.7000122070312,2023-05-29,795.7000122070312,56,-5040.0,SL,20dma
IEX.NS,2023-05-15,155.8000030517578,2023-06-06,147.1999969482422,320,-2752.001953125,SL,20dma
ZYDUSLIFE.NS,2023-01-17,431.4500122070313,2023-06-12,510.0,115,9033.248596191399,DMA_CROSS,20dma
THERMAX.NS,2023-02-20,2015.199951171875,2023-06-14,2360.85009765625,24,8295.603515625,DMA_CROSS,20dma
INDIAMART.NS,2023-03-16,2400.39990234375,2023-07-03,2771.10009765625,20,7414.00390625,SL,20dma
DEEPAKNTR.NS,2023-07-03,2165.050048828125,2023-07-10,1986.8499755859373,23,-4098.601684570318,SL,20dma
GSPL.NS,2023-05-18,277.8500061035156,2023-07-19,295.04998779296875,179,3078.7967224121094,DMA_CROSS,20dma
TRITURBINE.NS,2023-03-23,314.6499938964844,2023-07-19,399.8999938964844,158,13469.5,DMA_CROSS,20dma
KPITTECH.NS,2023-02-27,816.7999877929688,2023-07-21,1000.9000244140624,61,11230.102233886711,SL,20dma
RAMCOCEM.NS,2023-04-19,742.8499755859375,2023-07-24,882.0999755859375,67,9329.75,SL,20dma
PIIND.NS,2023-05-17,3318.0,2023-07-27,3557.5,15,3592.5,SL,20dma
BLUEDART.NS,2023-07-19,7308.5,2023-08-01,6611.2998046875,6,-4183.201171875,SL,20dma
PRSMJOHNSN.NS,2023-05-09,120.1999969482422,2023-08-02,129.35000610351562,415,3797.2537994384707,DMA_CROSS,20dma
GODREJIND.NS,2023-05-09,444.2000122070313,2023-08-02,476.5,112,3617.5986328124936,DMA_CROSS,20dma
ANGELONE.NS,2023-05-02,1225.949951171875,2023-08-02,1478.6500244140625,40,10108.0029296875,SL,20dma
VBL.NS,2023-04-21,279.44000244140625,2023-08-02,323.239990234375,178,7796.3978271484375,DMA_CROSS,20dma
SUDARSCHEM.NS,2023-03-28,382.6499938964844,2023-08-02,501.8500061035156,130,15496.001586914062,DMA_CROSS,20dma
EDELWEISS.NS,2023-05-18,33.836429595947266,2023-08-04,45.04999923706055,1477,16562.442359924316,SL,20dma
CRISIL.NS,2023-04-21,3266.60009765625,2023-08-04,3815.25,15,8229.74853515625,DMA_CROSS,20dma
ALOKINDS.NS,2023-05-17,13.050000190734863,2023-08-07,15.199999809265137,3831,8236.648538589478,DMA_CROSS,20dma
EQUITASBNK.NS,2023-03-17,68.1500015258789,2023-08-07,86.4000015258789,733,13377.25,SL,20dma
APOLLOHOSP.NS,2023-05-17,4482.14990234375,2023-08-09,4981.35009765625,11,5491.2021484375,SL,20dma
ULTRACEMCO.NS,2023-04-19,7515.89990234375,2023-08-11,8132.9501953125,6,3702.3017578125,DMA_CROSS,20dma
ITC.NS,2023-03-13,383.6499938964844,2023-08-11,448.75,130,8463.000793457031,SL,20dma
ALLCARGO.NS,2023-08-08,75.23750305175781,2023-08-16,69.2874984741211,664,-3950.8030395507812,SL,20dma
ROSSARI.NS,2023-05-05,679.75,2023-08-16,821.6500244140625,73,10358.701782226562,SL,20dma
GODREJPROP.NS,2023-05-19,1322.199951171875,2023-08-18,1526.0,37,7540.601806640625,SL,20dma
CDSL.NS,2023-07-25,592.375,2023-08-28,561.9000244140625,84,-2559.89794921875,SL,20dma
RELIANCE.NS,2023-05-18,1123.313720703125,2023-08-29,1210.175048828125,44,3821.8984375,SL,20dma
TORNTPHARM.NS,2023-05-18,1650.050048828125,2023-08-31,1842.5,30,5773.49853515625,SL,20dma
ABBOTINDIA.NS,2023-08-11,23732.80078125,2023-09-01,22704.650390625,2,-2056.30078125,SL,20dma
MUTHOOTFIN.NS,2023-04-28,1020.7000122070312,2023-09-05,1283.0,48,12590.3994140625,DMA_CROSS,20dma
ENGINERSIN.NS,2023-06-15,108.25,2023-09-25,143.5,461,16250.25,SL,20dma
KEI.NS,2023-02-14,1605.75,2023-09-25,2415.35009765625,31,25097.60302734375,SL,20dma
CIPLA.NS,2023-08-28,1228.9000244140625,2023-09-26,1163.6500244140625,40,-2610.0,SL,20dma
HEG.NS,2023-05-23,234.05999755859372,2023-10-06,355.5899963378906,213,25885.88973999024,DMA_CROSS,20dma
APLLTD.NS,2023-05-18,559.3499755859375,2023-10-06,772.8499755859375,89,19001.5,DMA_CROSS,20dma
SHYAMMETL.NS,2023-05-16,299.3999938964844,2023-10-06,442.9500122070313,167,23972.85305786134,DMA_CROSS,20dma
DEEPAKNTR.NS,2023-09-20,2213.699951171875,2023-10-09,2068.949951171875,22,-3184.5,SL,20dma
ATUL.NS,2023-09-18,7238.35009765625,2023-10-09,6884.35009765625,6,-2124.0,SL,20dma
EIHOTEL.NS,2023-07-27,211.6999969482422,2023-10-13,230.1999969482422,236,4366.0,DMA_CROSS,50dma
HATSUN.NS,2023-05-29,881.7999877929688,2023-10-16,1115.9000244140625,56,13109.60205078125,SL,20dma
KIMS.NS,2023-05-10,299.0899963378906,2023-10-16,386.2200012207031,167,14550.710815429688,DMA_CROSS,20dma
POLICYBZR.NS,2023-04-10,589.5999755859375,2023-10-17,744.7000122070312,84,13028.403076171875,DMA_CROSS,20dma
JBCHEPHARM.NS,2023-07-24,1218.7249755859375,2023-10-19,1338.1500244140625,41,4896.427001953125,SL,20dma
OFSS.NS,2023-02-23,3153.25,2023-10-20,3926.800048828125,15,11603.250732421875,SL,20dma
PNCINFRA.NS,2023-10-12,367.9500122070313,2023-10-23,341.29998779296875,135,-3597.7532958984452,SL,20dma
AXISBANK.NS,2023-10-10,1012.25,2023-10-23,964.2999877929688,49,-2349.5505981445312,SL,20dma
EIDPARRY.NS,2023-09-29,521.9500122070312,2023-10-23,467.0499877929688,95,-5215.502319335932,SL,20dma
INFY.NS,2023-09-25,1474.1500244140625,2023-10-23,1408.6500244140625,33,-2161.5,SL,20dma
3MINDIA.NS,2023-07-06,27361.44921875,2023-10-23,29390.05078125,1,2028.6015625,SL,20dma
BHEL.NS,2023-05-19,80.05000305175781,2023-10-23,117.75,624,23524.798095703125,SL,20dma
MAZDOCK.NS,2023-05-12,374.8999938964844,2023-10-23,967.7750244140624,133,78852.37905883788,SL,20dma
IDBI.NS,2023-05-12,53.25,2023-10-23,63.0,938,9145.5,SL,20dma
TRENT.NS,2023-02-27,1288.8499755859375,2023-10-23,1991.949951171875,38,26717.799072265625,SL,20dma
BAYERCROP.NS,2023-08-02,4584.25,2023-10-25,4941.25,10,3570.0,SL,20dma
MFSL.NS,2023-07-21,802.1500244140625,2023-10-25,884.9000244140625,62,5130.5,SL,20dma
NHPC.NS,2023-05-15,43.95000076293945,2023-10-25,50.0,1137,6878.849132537842,SL,20dma
TITAN.NS,2023-10-20,3266.199951171875,2023-10-26,3100.800048828125,15,-2480.99853515625,SL,20dma
CESC.NS,2023-08-18,77.25,2023-10-26,83.5,647,4043.75,SL,20dma
LICHSGFIN.NS,2023-08-03,394.3500061035156,2023-10-26,437.8500061035156,126,5481.0,SL,20dma
CYIENT.NS,2022-12-09,821.75,2023-10-26,1593.6500244140625,60,46314.00146484375,SL,20dma
AMBER.NS,2023-06-12,2101.050048828125,2023-10-31,2934.199951171875,23,19162.44775390625,DMA_CROSS,20dma
AUROPHARMA.NS,2023-05-29,611.2999877929688,2023-10-31,849.5,81,19294.20098876953,SL,20dma
BAJFINANCE.NS,2023-10-18,786.655029296875,2023-11-03,741.1500244140625,63,-2866.8153076171875,SL,20dma
MHRIL.NS,2023-08-02,334.1000061035156,2023-11-13,396.5,149,9297.599090576172,SL,20dma
NTPC.NS,2023-10-19,239.5,2023-11-16,252.3500061035156,208,2672.801269531244,DMA_CROSS,20dma
GRASIM.NS,2023-04-21,1655.367919921875,2023-11-16,1934.9063720703125,30,8386.153564453125,DMA_CROSS,20dma
PGHH.NS,2023-08-04,15554.099609375,2023-12-12,16992.849609375,3,4316.25,SL,20dma
IFBIND.NS,2023-12-06,980.2000122070312,2023-12-22,908.1500244140624,51,-3674.549377441412,SL,20dma
SHILPAMED.NS,2023-11-29,364.9500122070313,2023-12-29,330.29998779296875,137,-4747.053344726571,SL,20dma
PRIVISCL.NS,2023-11-28,1270.0,2023-12-29,1176.25,39,-3656.25,SL,20dma
ERIS.NS,2023-08-17,794.1500244140625,2024-01-03,913.6500244140624,62,7408.999999999993,DMA_CROSS,20dma
BLUESTARCO.NS,2023-10-13,873.4500122070312,2024-01-08,952.5999755859376,57,4511.547912597663,DMA_CROSS,20dma
METROPOLIS.NS,2023-12-08,1653.699951171875,2024-01-12,1503.800048828125,30,-4496.9970703125,SL,20dma
HDFCBANK.NS,2024-01-03,836.4500122070312,2024-01-17,768.75,59,-3994.3007202148438,SL,20dma
SUNTV.NS,2023-08-22,542.0,2024-01-17,665.7000122070312,92,11380.401123046875,SL,20dma
HINDUNILVR.NS,2023-12-14,2516.35009765625,2024-01-23,2375.550048828125,19,-2675.200927734375,SL,50dma
HINDUNILVR.NS,2023-12-08,2522.300048828125,2024-01-23,2375.550048828125,19,-2788.25,SL,20dma
ALKYLAMINE.NS,2024-01-12,2480.60009765625,2024-01-25,2254.14990234375,20,-4529.00390625,SL,20dma
SOLARINDS.NS,2023-09-15,4646.10009765625,2024-01-29,6442.2001953125,10,17961.0009765625,SL,20dma
JYOTHYLAB.NS,2023-10-23,350.95001220703125,2024-02-08,461.7000122070313,142,15726.500000000007,SL,50dma
GSFC.NS,2023-11-06,192.0,2024-02-12,230.8000030517578,260,10088.000793457031,SL,20dma
MOIL.NS,2023-10-23,227.6499938964844,2024-02-12,288.8500061035156,219,13402.802673339838,SL,50dma
MOIL.NS,2023-05-18,156.8000030517578,2024-02-12,288.8500061035156,318,41991.900970458984,SL,20dma
PRESTIGE.NS,2023-09-18,613.7000122070312,2024-02-14,1100.75,81,39451.04901123047,SL,20dma
ULTRACEMCO.NS,2023-11-23,8605.25,2024-02-20,9978.9501953125,5,6868.5009765625,DMA_CROSS,20dma
ASTRAZEN.NS,2023-07-24,3770.050048828125,2024-02-22,5501.2001953125,13,22504.951904296875,SL,20dma
SHYAMMETL.NS,2024-02-08,687.5999755859375,2024-02-28,627.2999877929688,72,-4341.59912109375,SL,20dma
APTUS.NS,2023-08-02,263.1499938964844,2024-02-28,329.6000061035156,190,12625.502319335938,SL,50dma
APTUS.NS,2023-08-01,267.8999938964844,2024-02-28,329.6000061035156,186,11476.202270507812,SL,20dma
NETWORK18.NS,2023-09-13,68.55000305175781,2024-03-04,100.25,729,23109.297775268555,SL,20dma
NAUKRI.NS,2023-12-01,914.5800170898438,2024-03-05,1004.510009765625,54,4856.2196044921875,SL,20dma
GODREJIND.NS,2023-11-03,652.25,2024-03-05,800.0,76,11229.0,DMA_CROSS,20dma
BSOFT.NS,2023-06-08,333.70001220703125,2024-03-05,758.9500122070312,149,63362.25,SL,20dma
GLAXO.NS,2023-12-20,1687.4000244140625,2024-03-06,2072.39990234375,29,11164.996459960938,SL,20dma
PCBL.NS,2023-10-27,192.6000061035156,2024-03-06,275.54998779296875,259,21484.045257568367,SL,20dma
SPARC.NS,2023-12-12,266.6000061035156,2024-03-07,389.8999938964844,187,23057.097717285156,DMA_CROSS,20dma
VAKRANGEE.NS,2023-10-23,17.75,2024-03-11,22.049999237060547,2816,12108.7978515625,SL,20dma
PRIVISCL.NS,2024-02-20,1229.199951171875,2024-03-12,1131.800048828125,40,-3895.99609375,SL,20dma
MMTC.NS,2024-02-15,80.55000305175781,2024-03-12,69.5999984741211,620,-6789.002838134766,SL,20dma
EXIDEIND.NS,2023-12-13,287.0,2024-03-12,319.45001220703125,174,5646.3021240234375,DMA_CROSS,20dma
LATENTVIEW.NS,2024-03-01,516.4500122070312,2024-03-13,443.5499877929688,96,-6998.4023437499945,SL,20dma
NHPC.NS,2024-02-21,92.6500015258789,2024-03-13,78.1500015258789,539,-7815.5,SL,20dma
BORORENEW.NS,2024-02-19,580.7000122070312,2024-03-13,484.4500122070313,86,-8277.499999999995,SL,20dma
HONAUT.NS,2024-02-15,38264.55078125,2024-03-13,36442.6015625,1,-1821.94921875,SL,20dma
IRFC.NS,2024-02-09,153.6999969482422,2024-03-13,124.25,325,-9571.249008178711,SL,20dma
SCI.NS,2024-01-18,168.5500030517578,2024-03-13,199.3000030517578,296,9102.0,SL,20dma
ACC.NS,2023-12-22,2090.75,2024-03-13,2389.10009765625,23,6862.05224609375,SL,20dma
IRB.NS,2023-12-20,38.900001525878906,2024-03-13,50.95000076293945,1285,15484.249019622803,SL,20dma
GUJGASLTD.NS,2023-12-20,438.3999938964844,2024-03-13,528.4000244140625,114,10260.003479003906,SL,20dma
HEMIPROP.NS,2023-11-23,138.9499969482422,2024-03-13,169.9499969482422,359,11129.0,SL,20dma
ASTERDM.NS,2023-10-30,329.6000061035156,2024-03-13,413.1499938964844,151,12616.048156738281,SL,50dma
RAILTEL.NS,2023-10-25,210.9499969482422,2024-03-13,308.25,237,23060.1007232666,SL,50dma
NMDC.NS,2023-10-23,50.383331298828125,2024-03-13,68.48332977294922,992,17955.198486328125,SL,20dma
SJVN.NS,2023-09-27,69.9000015258789,2024-03-13,101.1999969482422,715,22379.496726989757,SL,20dma
NIACL.NS,2023-09-12,124.9499969482422,2024-03-13,217.6999969482422,400,37099.99999999999,SL,50dma
NAM-INDIA.NS,2023-08-24,313.3500061035156,2024-03-13,445.2000122070313,159,20964.15097045899,SL,20dma
NIACL.NS,2023-08-16,123.3000030517578,2024-03-13,217.6999969482422,405,38231.99752807618,SL,20dma
SONATSOFTW.NS,2023-04-19,412.7000122070313,2024-03-13,740.2999877929688,121,39639.59704589843,SL,20dma
PERSISTENT.NS,2024-02-22,4280.0751953125,2024-03-19,3989.72509765625,11,-3193.85107421875,SL,20dma
HCLTECH.NS,2023-09-27,1261.0999755859375,2024-03-22,1557.8499755859375,39,11573.25,SL,20dma
TATAINVEST.NS,2023-05-15,2148.25,2024-03-26,5663.5,23,80850.75,SL,20dma
IOB.NS,2023-12-29,43.29999923706055,2024-04-04,65.8499984741211,1154,26022.69911956787,DMA_CROSS,20dma
COALINDIA.NS,2024-01-24,382.6000061035156,2024-04-05,446.9500122070313,130,8365.500793457039,DMA_CROSS,20dma
POWERGRID.NS,2023-10-11,198.5,2024-04-08,281.75,251,20895.75,DMA_CROSS,20dma
RELIANCE.NS,2024-01-23,1328.574951171875,2024-04-09,1463.6500244140625,37,4997.7777099609375,DMA_CROSS,20dma
ONGC.NS,2023-08-18,175.3000030517578,2024-04-09,268.95001220703125,285,26690.25260925293,DMA_CROSS,20dma
HDFCAMC.NS,2023-08-25,2498.60009765625,2024-04-12,3680.199951171875,20,23631.9970703125,DMA_CROSS,20dma
LUPIN.NS,2023-10-23,1168.0,2024-04-16,1611.449951171875,42,18624.89794921875,DMA_CROSS,20dma
UNIONBANK.NS,2023-08-22,90.0,2024-04-16,143.25,555,29553.75,SL,20dma
CRISIL.NS,2024-03-13,4883.7998046875,2024-04-18,4531.9501953125,10,-3518.49609375,SL,20dma
INTELLECT.NS,2024-01-08,807.5499877929688,2024-05-02,1061.699951171875,61,15503.147766113281,DMA_CROSS,20dma
DLF.NS,2024-01-25,758.6500244140625,2024-05-07,855.9000244140625,65,6321.25,SL,20dma
ADANIPORTS.NS,2023-12-29,1024.3499755859375,2024-05-08,1277.25,48,12139.201171875,SL,20dma
GRAPHITE.NS,2023-12-20,512.0499877929688,2024-05-08,595.5,97,8094.651184082031,SL,20dma
ZYDUSLIFE.NS,2023-12-11,633.5999755859375,2024-05-08,1005.5999755859376,78,29016.000000000007,DMA_CROSS,20dma
CANBK.NS,2023-10-11,73.97000122070312,2024-05-08,111.54000091552734,675,25359.749794006348,SL,20dma
REDINGTON.NS,2024-01-18,176.9499969482422,2024-05-09,202.3000030517578,282,7148.701721191406,SL,20dma
BOSCHLTD.NS,2023-10-25,19696.0,2024-05-09,29881.69921875,2,20371.3984375,DMA_CROSS,20dma
ICICIPRULI.NS,2024-03-19,549.5999755859375,2024-05-14,597.2000122070312,90,4284.0032958984375,DMA_CROSS,20dma
TORNTPOWER.NS,2023-04-03,520.6500244140625,2024-05-28,1434.199951171875,96,87700.79296875,DMA_CROSS,20dma
SHILPAMED.NS,2024-03-11,410.1499938964844,2024-05-29,471.75,121,7453.600738525391,SL,20dma
SUNDARMFIN.NS,2023-10-23,3180.10009765625,2024-05-29,4179.89990234375,15,14996.9970703125,SL,20dma
DEEPAKNTR.NS,2024-05-15,2424.25,2024-05-30,2184.449951171875,20,-4796.0009765625,SL,20dma
VAKRANGEE.NS,2024-05-08,25.049999237060547,2024-05-30,22.450000762939453,1996,-5189.596954345703,SL,20dma
COLPAL.NS,2023-04-19,1528.949951171875,2024-05-30,2645.35009765625,32,35724.8046875,SL,20dma
QUESS.NS,2024-05-16,635.25,2024-05-31,567.5999755859375,78,-5276.701904296875,SL,20dma
DMART.NS,2024-05-07,4660.4501953125,2024-05-31,4302.14990234375,10,-3583.0029296875,SL,20dma
IPCALAB.NS,2023-08-22,884.9500122070312,2024-05-31,1152.1500244140625,56,14963.20068359375,SL,20dma
DCMSHRIRAM.NS,2024-05-29,984.0,2024-06-04,903.2999877929688,50,-4035.0006103515625,SL,20dma
HINDCOPPER.NS,2024-05-07,366.3999938964844,2024-06-04,298.6000061035156,136,-9220.79833984375,SL,20dma
PNBHOUSING.NS,2024-05-06,773.5499877929688,2024-06-04,671.9500122070312,64,-6502.3984375,SL,20dma
JUBLINGREA.NS,2024-05-06,534.6500244140625,2024-06-04,477.6000061035156,93,-5305.651702880859,SL,20dma
IRCTC.NS,2024-05-06,1022.2000122070312,2024-06-04,912.0499877929688,48,-5287.201171875,SL,20dma
HEG.NS,2024-05-03,465.5899963378906,2024-06-04,397.5199890136719,107,-7283.490783691406,SL,20dma
MARUTI.NS,2024-03-14,11404.599609375,2024-06-04,12176.0498046875,4,3085.80078125,SL,20dma
BHEL.NS,2023-12-20,172.0,2024-06-04,246.5500030517578,290,21619.500885009766,SL,20dma
OIL.NS,2023-11-06,207.5333404541016,2024-06-05,387.0,240,43071.99829101562,SL,20dma
MAHABANK.NS,2024-02-12,55.29999923706055,2024-07-01,64.31999969482422,904,8154.080413818359,DMA_CROSS,20dma
LINDEINDIA.NS,2024-05-08,7673.14990234375,2024-07-16,8617.5,6,5666.1005859375,DMA_CROSS,20dma
VIJAYA.NS,2024-05-02,677.1500244140625,2024-07-16,775.5999755859375,73,7186.846435546875,DMA_CROSS,20dma
SKFINDIA.NS,2024-05-08,4571.4501953125,2024-07-18,5779.5,10,12080.498046875,SL,20dma
JINDALSTEL.NS,2023-12-20,697.5499877929688,2024-07-18,989.9500122070312,71,20760.401733398438,SL,20dma
VENKEYS.NS,2024-07-08,1947.199951171875,2024-07-19,1799.5,25,-3692.498779296875,SL,20dma
RAMCOCEM.NS,2024-06-28,836.4500122070312,2024-07-19,777.7999877929688,59,-3460.3514404296875,SL,20dma
SIEMENS.NS,2024-03-19,2723.589599609375,2024-07-19,4021.06396484375,18,23354.53857421875,SL,20dma
CUMMINSIND.NS,2024-03-14,2724.050048828125,2024-07-19,3559.449951171875,18,15037.1982421875,SL,20dma
HAVELLS.NS,2024-03-13,1474.050048828125,2024-07-19,1768.5,33,9716.848388671875,SL,20dma
BRIGADE.NS,2024-06-28,1348.4000244140625,2024-07-23,1204.449951171875,37,-5326.1527099609375,SL,20dma
THERMAX.NS,2024-04-24,4436.39990234375,2024-07-23,4973.75,11,5910.85107421875,SL,20dma
AXISBANK.NS,2024-07-22,1282.5,2024-07-25,1175.9000244140625,38,-4050.799072265625,SL,20dma
CSBBANK.NS,2024-07-12,364.3999938964844,2024-07-30,330.25,137,-4678.549163818359,SL,20dma
INTELLECT.NS,2024-07-11,1064.800048828125,2024-07-31,969.5499877929688,46,-4381.5028076171875,SL,20dma
POLYMED.NS,2024-07-22,2045.050048828125,2024-08-01,1842.5,24,-4861.201171875,SL,20dma
EXIDEIND.NS,2024-07-10,567.4500122070312,2024-08-01,512.75,88,-4813.60107421875,SL,20dma
GRINDWELL.NS,2024-07-10,2787.0,2024-08-02,2529.10009765625,17,-4384.29833984375,SL,20dma
PRINCEPIPE.NS,2024-07-08,681.9000244140625,2024-08-02,634.5999755859375,73,-3452.903564453125,SL,20dma
BOSCHLTD.NS,2024-07-25,34751.05078125,2024-08-05,32355.19921875,1,-2395.8515625,SL,20dma
JKPAPER.NS,2024-07-24,564.2000122070312,2024-08-05,471.1000061035156,88,-8192.800537109375,SL,20dma
ROUTE.NS,2024-07-19,1763.5999755859375,2024-08-05,1533.550048828125,28,-6441.39794921875,SL,20dma
GSFC.NS,2024-07-18,248.1100006103516,2024-08-05,222.33999633789065,201,-5179.770858764648,SL,20dma
ENDURANCE.NS,2024-07-18,2668.300048828125,2024-08-05,2433.949951171875,18,-4218.3017578125,SL,20dma
JKLAKSHMI.NS,2024-07-16,871.0499877929688,2024-08-05,809.6500244140625,57,-3499.7979125976562,SL,20dma
NUVOCO.NS,2024-07-12,356.8999938964844,2024-08-05,328.1000061035156,140,-4031.998291015625,SL,20dma
ELGIEQUIP.NS,2024-07-10,714.2999877929688,2024-08-05,640.4000244140625,69,-5099.097473144531,SL,20dma
CANFINHOME.NS,2024-07-10,883.25,2024-08-05,782.0,56,-5670.0,SL,20dma
GARFIBRES.NS,2024-07-03,800.3400268554688,2024-08-05,715.2999877929688,62,-5272.482421875,SL,20dma
SAREGAMA.NS,2024-05-13,426.6000061035156,2024-08-05,492.1499938964844,117,7669.348571777344,SL,20dma
FINCABLES.NS,2024-04-22,978.0999755859376,2024-08-05,1455.9000244140625,51,24367.802490234368,SL,20dma
CARBORUNIV.NS,2024-04-19,1251.199951171875,2024-08-05,1599.4000244140625,39,13579.802856445312,SL,20dma
PHOENIXLTD.NS,2023-12-06,1123.800048828125,2024-08-05,1675.8499755859375,44,24290.19677734375,SL,20dma
HONAUT.NS,2024-05-06,44256.3984375,2024-08-06,51158.0,1,6901.6015625,SL,20dma
MAXHEALTH.NS,2024-07-25,926.4500122070312,2024-08-07,854.5999755859375,53,-3808.0519409179688,SL,20dma
BATAINDIA.NS,2024-08-05,1557.199951171875,2024-08-08,1455.699951171875,32,-3248.0,SL,20dma
TCIEXP.NS,2024-07-16,1214.550048828125,2024-08-13,1129.050048828125,41,-3505.5,SL,20dma
RCF.NS,2024-07-31,218.58999633789065,2024-08-14,187.07000732421875,228,-7186.557495117194,SL,20dma
MAPMYINDIA.NS,2024-07-26,2399.449951171875,2024-08-14,2112.949951171875,20,-5730.0,SL,20dma
BLUEDART.NS,2024-05-31,7203.5498046875,2024-08-16,8051.85009765625,6,5089.8017578125,DMA_CROSS,20dma
DIXON.NS,2024-04-18,7498.35009765625,2024-08-16,12374.900390625,6,29259.3017578125,DMA_CROSS,20dma
MAZDOCK.NS,2024-05-06,1128.0250244140625,2024-08-20,2149.77490234375,44,44956.99462890625,SL,20dma
SUNDRMFAST.NS,2024-05-27,1151.6500244140625,2024-08-27,1370.4000244140625,43,9406.25,DMA_CROSS,20dma
CGPOWER.NS,2024-04-09,501.75,2024-08-29,700.7999877929688,99,19705.948791503906,DMA_CROSS,20dma
BLUESTARCO.NS,2024-03-18,1285.550048828125,2024-09-02,1660.5999755859375,38,14251.897216796875,DMA_CROSS,20dma
VINATIORGA.NS,2024-08-12,2107.60009765625,2024-09-03,1931.1500244140625,23,-4058.3516845703125,SL,20dma
ASTRAZEN.NS,2024-07-22,6247.0498046875,2024-09-04,6900.2001953125,8,5225.203125,DMA_CROSS,50dma
GAIL.NS,2024-02-13,170.35000610351562,2024-09-06,222.82000732421875,293,15373.710357666016,SL,20dma
MMTC.NS,2024-08-20,103.38999938964844,2024-09-17,94.06999969482422,483,-4501.559852600098,SL,20dma
ZYDUSWELL.NS,2024-06-03,344.9100036621094,2024-09-17,433.989990234375,144,12827.51806640625,SL,20dma
ABBOTINDIA.NS,2024-09-13,29559.0,2024-09-18,27783.05078125,1,-1775.94921875,SL,20dma
BPCL.NS,2024-09-09,347.79998779296875,2024-09-19,324.45001220703125,143,-3339.0465087890625,SL,20dma
NETWORK18.NS,2024-08-26,95.6999969482422,2024-09-19,83.73999786376953,522,-6243.119522094734,SL,20dma
HATSUN.NS,2024-06-26,1045.25,2024-09-19,1197.8499755859375,47,7172.1988525390625,SL,50dma
HATSUN.NS,2024-06-25,1060.800048828125,2024-09-19,1197.8499755859375,47,6441.3465576171875,SL,20dma
AVANTIFEED.NS,2024-06-27,588.5999755859375,2024-09-23,672.7999877929688,84,7072.801025390625,DMA_CROSS,20dma
FINEORG.NS,2024-06-03,4398.4501953125,2024-09-24,5280.89990234375,11,9706.94677734375,DMA_CROSS,20dma
DABUR.NS,2024-05-30,551.1500244140625,2024-09-25,627.0,90,6826.497802734375,SL,20dma
GLAXO.NS,2024-06-20,2529.85009765625,2024-09-26,2727.25,19,3750.59814453125,DMA_CROSS,20dma
NATCOPHARM.NS,2024-05-31,997.6500244140624,2024-09-26,1382.9000244140625,50,19262.500000000007,SL,50dma
NATCOPHARM.NS,2024-05-16,998.8499755859376,2024-09-26,1382.9000244140625,50,19202.502441406243,SL,20dma
NH.NS,2024-09-16,1293.6500244140625,2024-09-27,1204.25,38,-3397.200927734375,SL,20dma
AUROPHARMA.NS,2024-09-05,1533.550048828125,2024-10-01,1438.300048828125,32,-3048.0,SL,20dma
LTTS.NS,2024-09-17,5663.39990234375,2024-10-03,5099.9501953125,8,-4507.59765625,SL,20dma
INDOCO.NS,2024-09-16,367.4500122070313,2024-10-03,339.54998779296875,136,-3794.4033203125077,SL,20dma
HGS.NS,2024-09-16,887.2000122070312,2024-10-03,800.1500244140625,56,-4874.79931640625,SL,20dma
POLYPLEX.NS,2024-07-18,1037.050048828125,2024-10-03,1142.9000244140625,48,5080.798828125,SL,20dma
ASIANPAINT.NS,2024-09-24,3248.39990234375,2024-10-04,3072.5,15,-2638.49853515625,SL,20dma
ALLCARGO.NS,2024-09-13,68.55999755859375,2024-10-04,63.0099983215332,729,-4045.9494438171387,SL,20dma
TRITURBINE.NS,2024-03-12,468.1499938964844,2024-10-04,671.3499755859375,106,21539.19805908203,SL,20dma
INDIGO.NS,2024-09-26,4867.5498046875,2024-10-07,4485.2001953125,10,-3823.49609375,SL,20dma
LXCHEM.NS,2024-09-24,300.75,2024-10-07,263.0,166,-6266.5,SL,20dma
FDC.NS,2024-09-20,564.0,2024-10-07,504.2999877929688,88,-5253.6010742187445,SL,20dma
KRBL.NS,2024-09-19,305.8999938964844,2024-10-07,279.6000061035156,163,-4286.898010253906,SL,20dma
HFCL.NS,2024-09-11,147.0500030517578,2024-10-07,130.25,340,-5712.001037597656,SL,20dma
UFLEX.NS,2024-07-22,543.0999755859375,2024-10-07,662.5,92,10984.80224609375,SL,20dma
AFFLE.NS,2024-07-22,1372.949951171875,2024-10-07,1506.0,36,4789.8017578125,SL,20dma
JUBLFOOD.NS,2024-07-18,567.8499755859375,2024-10-07,618.4000244140625,88,4448.404296875,SL,20dma
ABSLAMC.NS,2024-05-13,531.7999877929688,2024-10-07,678.5499877929688,94,13794.5,SL,20dma
CAMS.NS,2024-05-07,3180.050048828125,2024-10-07,4109.0498046875,15,13934.996337890625,SL,20dma
HINDUNILVR.NS,2024-06-19,2457.0,2024-10-10,2754.699951171875,20,5953.9990234375,SL,20dma
COLPAL.NS,2024-06-21,2826.25,2024-10-15,3492.050048828125,17,11318.600830078125,SL,20dma
BAJAJ-AUTO.NS,2024-10-03,11806.4501953125,2024-10-17,10119.4501953125,4,-6748.0,SL,20dma
TRIVENI.NS,2024-09-30,475.5499877929688,2024-10-17,432.3500061035156,105,-4535.9980773925845,SL,20dma
TATACOMM.NS,2024-09-19,1975.25,2024-10-17,1830.050048828125,25,-3629.998779296875,SL,20dma
AUBANK.NS,2024-10-08,727.3499755859375,2024-10-21,664.8499755859375,68,-4250.0,SL,20dma
CHOLAFIN.NS,2024-10-01,1581.8499755859375,2024-10-21,1438.699951171875,31,-4437.6507568359375,SL,20dma
KAJARIACER.NS,2024-09-30,1465.9000244140625,2024-10-21,1354.5999755859375,34,-3784.20166015625,SL,20dma
SBICARD.NS,2024-09-24,779.9500122070312,2024-10-21,718.9500122070312,64,-3904.0,SL,20dma
PNBHOUSING.NS,2024-09-19,1015.2999877929688,2024-10-21,915.0999755859376,49,-4909.800598144526,SL,20dma
BRITANNIA.NS,2024-06-19,5360.64990234375,2024-10-21,5778.2998046875,9,3758.84912109375,SL,20dma
POLICYBZR.NS,2024-04-19,1197.449951171875,2024-10-21,1675.9000244140625,41,19616.453002929688,DMA_CROSS,20dma
GRAPHITE.NS,2024-10-17,583.3499755859375,2024-10-22,518.6500244140625,85,-5499.495849609375,SL,20dma
BCG.NS,2024-10-09,9.449999809265137,2024-10-22,8.520000457763672,5291,-4920.6265687942505,SL,20dma
ALKYLAMINE.NS,2024-09-30,2293.25,2024-10-22,2075.300048828125,21,-4576.948974609375,SL,20dma
AAVAS.NS,2024-09-27,1819.8499755859373,2024-10-22,1681.300048828125,27,-3740.848022460931,SL,20dma
SUMICHEM.NS,2024-05-06,398.5499877929688,2024-10-22,502.25,125,12962.501525878899,SL,20dma
M&M.NS,2024-10-16,3068.0,2024-10-23,2793.5,16,-4392.0,SL,20dma
LUPIN.NS,2024-09-18,2224.949951171875,2024-10-23,2074.550048828125,22,-3308.7978515625,SL,20dma
WESTLIFE.NS,2024-10-11,881.25,2024-10-24,802.4000244140625,56,-4415.5986328125,SL,20dma
MUTHOOTFIN.NS,2024-05-06,1674.449951171875,2024-10-24,1930.1500244140625,29,7415.3021240234375,DMA_CROSS,20dma
ICICIPRULI.NS,2024-07-22,633.7999877929688,2024-10-25,742.8499755859375,78,8505.899047851562,DMA_CROSS,20dma
CAPLIPOINT.NS,2024-07-22,1477.4000244140625,2024-10-25,1790.699951171875,33,10338.897583007812,SL,20dma
CESC.NS,2024-05-08,143.5,2024-10-25,182.6000061035156,348,13606.802124023428,SL,20dma
SUNDRMFAST.NS,2024-10-17,1418.0999755859375,2024-10-28,1307.0999755859375,35,-3885.0,SL,20dma
LINDEINDIA.NS,2024-10-09,8216.900390625,2024-10-28,7516.60009765625,6,-4201.8017578125,SL,20dma
CHOLAHLDNG.NS,2024-07-25,1480.4000244140625,2024-10-28,1700.949951171875,33,7278.1475830078125,SL,20dma
GODFRYPHLP.NS,2024-03-15,980.9666748046876,2024-10-28,2088.833251953125,50,55393.328857421875,SL,20dma
BAJAJHLDNG.NS,2024-07-24,9501.5,2024-10-29,10355.25,5,4268.75,DMA_CROSS,20dma
WHIRLPOOL.NS,2024-05-07,1453.1500244140625,2024-10-29,2072.550048828125,34,21059.600830078125,SL,20dma
SYMPHONY.NS,2024-04-29,951.5999755859376,2024-10-29,1496.699951171875,52,28345.198730468743,SL,20dma
BLUESTARCO.NS,2024-10-16,2012.199951171875,2024-10-30,1808.9000244140625,24,-4879.1982421875,SL,20dma
KALYANKJIL.NS,2024-08-06,540.5999755859375,2024-10-31,657.1500244140625,92,10722.6044921875,SL,20dma
NAUKRI.NS,2024-07-11,1322.780029296875,2024-10-31,1488.18994140625,37,6120.166748046875,SL,20dma
TRENT.NS,2024-03-13,3944.050048828125,2024-10-31,7128.35009765625,12,38211.6005859375,SL,20dma
BHARTIARTL.NS,2023-10-23,939.2999877929688,2024-11-04,1591.25,53,34553.350646972656,SL,20dma
SHILPAMED.NS,2024-08-06,666.5999755859375,2024-11-11,894.0,75,17055.001831054688,DMA_CROSS,20dma
GLENMARK.NS,2024-08-05,1417.800048828125,2024-11-11,1634.199951171875,35,7573.99658203125,SL,20dma
BALRAMCHIN.NS,2024-07-04,427.6000061035156,2024-11-11,573.9000244140625,116,16970.802124023438,SL,20dma
BASF.NS,2024-06-03,4347.85009765625,2024-11-12,6702.75,11,25903.89892578125,SL,20dma
JMFINANCIL.NS,2024-08-06,98.61000061035156,2024-11-13,129.35000610351562,507,15585.18278503418,SL,20dma
BBTC.NS,2024-07-22,2122.10009765625,2024-11-13,2560.5,23,10083.19775390625,SL,20dma
STAR.NS,2024-01-29,683.0,2024-11-13,1388.8499755859375,73,51527.04821777344,SL,20dma
IPCALAB.NS,2024-08-29,1367.550048828125,2024-12-03,1502.75,36,4867.1982421875,SL,20dma
JUBLPHARMA.NS,2024-07-30,734.25,2024-12-12,1124.800048828125,68,26557.4033203125,DMA_CROSS,20dma
SIEMENS.NS,2024-12-19,4480.068359375,2024-12-20,4032.040771484375,18,-8064.49658203125,SL,20dma
NESCO.NS,2024-12-11,1027.050048828125,2024-12-20,954.4500122070312,78,-5662.8028564453125,SL,20dma
HIKAL.NS,2024-12-13,413.1499938964844,2024-12-23,366.2999877929688,196,-9182.601196289052,SL,20dma
DIVISLAB.NS,2024-07-04,4544.0498046875,2024-12-24,5782.35009765625,11,13621.30322265625,SL,20dma
MASTEK.NS,2024-12-17,3230.300048828125,2024-12-26,2875.300048828125,25,-8875.0,SL,20dma
ZEEL.NS,2024-12-18,131.6999969482422,2024-12-30,122.0999984741211,615,-5903.999061584473,SL,20dma
TCS.NS,2024-12-17,4328.5,2024-12-31,4094.800048828125,18,-4206.59912109375,SL,20dma
CCL.NS,2024-12-13,770.25,2025-01-06,698.5,105,-7533.75,SL,20dma
EPL.NS,2024-07-23,219.13999938964844,2025-01-06,250.1999969482422,228,7081.679443359375,SL,20dma
APOLLOTYRE.NS,2024-12-20,531.9500122070312,2025-01-07,498.1000061035156,152,-5145.200927734375,SL,20dma
KEC.NS,2024-12-26,1173.050048828125,2025-01-09,1012.4500122070312,69,-11081.402526855469,SL,20dma
MOTILALOFS.NS,2024-09-30,762.0999755859375,2025-01-09,901.2000122070312,65,9041.502380371094,SL,20dma
PAYTM.NS,2025-01-01,987.5999755859376,2025-01-10,847.7000122070312,82,-11471.796997070322,SL,20dma
EIDPARRY.NS,2025-01-01,919.4000244140624,2025-01-10,818.5999755859375,88,-8870.404296874989,SL,20dma
ASAHIINDIA.NS,2025-01-01,754.9500122070312,2025-01-10,673.2999877929688,107,-8736.552612304688,SL,20dma
AFFLE.NS,2024-12-31,1783.25,2025-01-10,1601.550048828125,45,-8176.497802734375,SL,20dma
RAIN.NS,2024-12-20,172.50999450683594,2025-01-10,157.0500030517578,469,-7250.735992431641,SL,20dma
CERA.NS,2024-12-18,7505.0498046875,2025-01-10,6886.89990234375,10,-6181.4990234375,SL,20dma
RAMCOCEM.NS,2024-10-07,855.4000244140625,2025-01-10,916.25,58,3529.298583984375,SL,20dma
RADICO.NS,2024-09-27,2065.39990234375,2025-01-10,2280.89990234375,24,5172.0,SL,20dma
CDSL.NS,2024-07-22,1145.550048828125,2025-01-10,1594.449951171875,43,19302.69580078125,SL,20dma
TRIVENI.NS,2025-01-01,462.7999877929688,2025-01-13,387.8999938964844,175,-13107.498931884775,SL,20dma
DIXON.NS,2024-12-31,17936.30078125,2025-01-13,15835.150390625,4,-8404.6015625,SL,20dma
GRAPHITE.NS,2024-12-26,558.0999755859375,2025-01-13,498.25,145,-8678.246459960938,SL,20dma
POLICYBZR.NS,2024-12-24,2058.5,2025-01-13,1697.1500244140625,39,-14092.649047851562,SL,20dma
NIACL.NS,2024-12-23,202.25,2025-01-13,174.07000732421875,400,-11271.9970703125,SL,20dma
EDELWEISS.NS,2024-12-20,125.5,2025-01-13,107.72000122070312,645,-11468.099212646484,SL,20dma
TRITURBINE.NS,2024-12-19,779.6500244140625,2025-01-13,675.2000122070312,103,-10758.351257324219,SL,20dma
PERSISTENT.NS,2025-01-03,6405.9501953125,2025-01-14,5880.10009765625,12,-6310.201171875,SL,20dma
HCLTECH.NS,2024-08-07,1594.5999755859375,2025-01-14,1813.550048828125,31,6787.4522705078125,SL,20dma
COFORGE.NS,2024-08-02,1216.0,2025-01-15,1716.6700439453125,41,20527.471801757812,SL,20dma
FORTIS.NS,2024-04-30,438.5499877929688,2025-01-15,651.2999877929688,114,24253.499999999993,SL,20dma
MEDPLUS.NS,2024-12-24,836.4000244140625,2025-01-20,757.4500122070312,96,-7579.201171875,SL,20dma
CEATLTD.NS,2024-12-26,3126.14990234375,2025-01-22,2853.35009765625,25,-6819.9951171875,SL,20dma
FSL.NS,2024-08-30,303.25,2025-01-22,350.8500061035156,164,7806.4010009765625,SL,20dma
EIHOTEL.NS,2024-12-27,411.25,2025-01-24,379.3500061035156,197,-6284.298797607422,SL,20dma
DEVYANI.NS,2025-01-16,184.33999633789065,2025-01-27,165.47999572753906,439,-8279.540267944349,SL,20dma
GICRE.NS,2025-01-07,452.6499938964844,2025-01-27,399.0,179,-9603.348907470703,SL,20dma
CLEAN.NS,2025-01-06,1444.75,2025-01-27,1328.5,56,-6510.0,SL,20dma
PAGEIND.NS,2024-07-01,39046.55078125,2025-01-27,44579.3984375,1,5532.84765625,SL,20dma
ASTERDM.NS,2024-10-17,419.6499938964844,2025-01-28,473.4500122070313,119,6402.2021789550845,SL,20dma
INTELLECT.NS,2025-01-06,901.9000244140624,2025-01-30,776.4500122070312,89,-11165.05108642577,SL,20dma
VARROC.NS,2025-01-08,602.5499877929688,2025-02-01,537.4500122070312,134,-8723.396728515625,SL,20dma
AMBER.NS,2024-09-18,4458.35009765625,2025-02-07,6894.0498046875,11,26792.69677734375,DMA_CROSS,20dma
HINDALCO.NS,2025-03-28,682.4500122070312,2025-04-04,599.9500122070312,131,-10807.5,SL,20dma
KOTAKBANK.NS,2025-02-27,1947.550048828125,2025-05-27,2077.39990234375,46,5973.09326171875,DMA_CROSS,20dma
POLYMED.NS,2025-05-12,2481.199951171875,2025-05-30,2258.60009765625,36,-8013.5947265625,SL,20dma
RBA.NS,2025-05-27,81.33999633789062,2025-06-17,75.86000061035156,1103,-6044.435287475586,SL,20dma
LINDEINDIA.NS,2025-06-11,7359.0,2025-06-20,6522.5,12,-10038.0,SL,20dma
ICICIBANK.NS,2025-04-11,1311.6500244140625,2025-06-27,1462.199951171875,68,10237.39501953125,DMA_CROSS,20dma
BRIGADE.NS,2025-06-18,1167.699951171875,2025-07-02,1059.300048828125,76,-8238.392578125,SL,20dma
APLAPOLLO.NS,2025-06-12,1836.0999755859373,2025-07-04,1717.5999755859375,48,-5687.999999999989,SL,20dma
ANGELONE.NS,2025-06-12,3017.60009765625,2025-07-08,2692.60009765625,29,-9425.0,SL,20dma
MTARTECH.NS,2025-06-12,1681.0,2025-07-11,1538.0,53,-7579.0,SL,20dma
FACT.NS,2025-06-19,992.7999877929688,2025-07-14,904.25,90,-7969.4989013671875,SL,20dma
UFLEX.NS,2025-05-08,537.1500244140625,2025-07-14,591.25,167,9034.695922851562,DMA_CROSS,20dma
SBICARD.NS,2025-02-11,784.3499755859375,2025-07-14,903.5,114,13583.102783203125,SL,20dma
HAL.NS,2025-04-25,4196.39990234375,2025-07-16,4871.60009765625,21,14179.2041015625,DMA_CROSS,20dma
CLEAN.NS,2025-06-26,1473.0999755859375,2025-07-18,1318.699951171875,60,-9264.00146484375,SL,20dma
NBCC.NS,2025-06-17,120.13999938964844,2025-07-18,113.0500030517578,747,-5296.227264404308,SL,20dma
FINPIPE.NS,2025-06-19,221.25,2025-07-21,206.08999633789065,405,-6139.801483154285,DMA_CROSS,20dma
RENUKA.NS,2025-06-13,33.25,2025-07-21,31.38999938964844,2700,-5022.001647949209,SL,20dma
GLAXO.NS,2025-05-08,2743.300048828125,2025-07-21,3119.10009765625,32,12025.6015625,SL,50dma
GLAXO.NS,2025-04-02,2776.60009765625,2025-07-21,3119.10009765625,32,10960.0,SL,20dma
SUPREMEIND.NS,2025-06-26,4374.5,2025-07-22,4088.10009765625,20,-5727.998046875,SL,20dma
PFIZER.NS,2025-06-19,5664.0,2025-07-22,5293.5,15,-5557.5,SL,20dma
ZEEL.NS,2025-07-09,141.7899932861328,2025-07-23,128.6199951171875,633,-8336.608840942383,SL,20dma
DBL.NS,2025-06-30,510.7999877929688,2025-07-23,478.6499938964844,175,-5626.248931884776,SL,20dma
COFORGE.NS,2025-07-10,1887.699951171875,2025-07-24,1676.0,47,-9949.897705078125,SL,20dma
ACC.NS,2025-07-22,1958.9000244140625,2025-07-25,1847.699951171875,45,-5004.0032958984375,SL,20dma
POONAWALLA.NS,2025-07-15,454.1000061035156,2025-07-25,413.2999877929688,197,-8037.6036071777235,SL,20dma
AFFLE.NS,2025-07-10,1960.5999755859373,2025-07-25,1801.5999755859373,45,-7155.0,SL,20dma
INTELLECT.NS,2025-07-07,1149.300048828125,2025-07-25,1036.4000244140625,78,-8806.201904296875,SL,20dma
UNIONBANK.NS,2025-06-13,146.24000549316406,2025-07-25,136.22000122070312,613,-6142.262619018555,SL,20dma
WIPRO.NS,2025-07-10,265.04998779296875,2025-07-28,250.0500030517578,338,-5069.994842529297,SL,20dma
BEL.NS,2025-07-10,413.5,2025-07-28,389.25,217,-5262.25,SL,20dma
CRISIL.NS,2025-07-07,5775.5,2025-07-28,5367.5,15,-6120.0,SL,20dma
IBREALEST.NS,2025-07-02,118.83000183105467,2025-07-28,109.16999816894533,755,-7293.302764892556,SL,20dma
ENGINERSIN.NS,2025-05-06,173.5399932861328,2025-07-28,216.47999572753903,517,22199.981262207017,SL,20dma
BAJFINANCE.NS,2025-01-27,729.5449829101562,2025-07-28,880.5,117,17661.73699951172,SL,20dma
MFSL.NS,2025-07-04,1589.9000244140625,2025-07-29,1504.9000244140625,56,-4760.0,SL,20dma
BLUEDART.NS,2025-07-25,6754.5,2025-07-30,6166.0,13,-7650.5,SL,20dma
RTNINDIA.NS,2025-07-16,61.970001220703125,2025-07-31,54.290000915527344,1448,-11120.640441894531,SL,20dma
MANAPPURAM.NS,2025-07-07,271.04998779296875,2025-07-31,253.0500030517578,331,-5957.99494934082,SL,20dma
HOMEFIRST.NS,2025-04-01,987.9500122070312,2025-07-31,1212.0,90,20164.498901367188,SL,50dma
HOMEFIRST.NS,2025-03-28,1014.1500244140624,2025-07-31,1212.0,88,17410.79785156251,SL,20dma
IOC.NS,2025-07-24,151.22000122070312,2025-08-01,141.02999877929688,593,-6042.671447753906,SL,20dma
BHARTIARTL.NS,2025-07-10,1964.5,2025-08-01,1884.4000244140625,45,-3604.4989013671875,SL,20dma
IIFL.NS,2025-07-04,474.8500061035156,2025-08-01,427.2000122070313,189,-9005.848846435536,SL,20dma
WOCKPHARMA.NS,2025-07-21,1733.0,2025-08-04,1578.199951171875,51,-7894.802490234375,SL,20dma
NH.NS,2025-07-11,2007.0,2025-08-04,1829.699951171875,44,-7801.2021484375,SL,20dma
WESTLIFE.NS,2025-07-24,770.5999755859375,2025-08-06,692.7999877929688,116,-9024.798583984375,SL,20dma
JUBLINGREA.NS,2025-07-23,801.8499755859375,2025-08-06,717.0,111,-9418.347290039062,SL,20dma
INDOCO.NS,2025-07-30,324.5,2025-08-07,284.04998779296875,276,-11164.203369140625,SL,20dma
KALYANKJIL.NS,2025-07-31,594.7000122070312,2025-08-08,528.0999755859375,150,-9990.005493164062,SL,20dma
FINEORG.NS,2025-07-30,5276.60009765625,2025-08-08,4838.5,17,-7447.70166015625,SL,20dma
IPCALAB.NS,2025-07-31,1473.9000244140625,2025-08-11,1336.699951171875,60,-8232.00439453125,SL,20dma
VOLTAS.NS,2025-07-22,1357.4000244140625,2025-08-11,1245.199951171875,66,-7405.204833984375,SL,20dma
RAMCOCEM.NS,2025-08-01,1151.0999755859375,2025-08-12,1059.300048828125,77,-7068.5943603515625,SL,20dma
CSBBANK.NS,2025-07-30,421.0499877929688,2025-08-13,385.1000061035156,213,-7657.346099853527,SL,20dma
VIPIND.NS,2025-06-04,358.3500061035156,2025-08-13,405.8999938964844,250,11887.496948242188,SL,20dma
INDIAMART.NS,2025-05-27,2307.39990234375,2025-08-18,2572.89990234375,38,10089.0,DMA_CROSS,20dma
DCMSHRIRAM.NS,2025-07-28,1385.9000244140625,2025-08-21,1263.5999755859375,64,-7827.203125,SL,20dma
GMMPFAUDLR.NS,2025-06-03,1119.300048828125,2025-08-22,1221.0999755859375,80,8143.994140625,SL,20dma
RAIN.NS,2025-08-06,152.1300048828125,2025-08-26,140.5500030517578,590,-6832.201080322266,SL,20dma
AMBUJACEM.NS,2025-08-04,605.25,2025-08-26,572.7999877929688,148,-4802.601806640625,SL,20dma
MAXHEALTH.NS,2025-04-07,1075.5,2025-08-26,1183.4000244140625,83,8955.702026367188,SL,20dma
HDFCBANK.NS,2025-04-07,878.8499755859375,2025-08-26,973.4000244140624,102,9644.104980468739,SL,20dma
BORORENEW.NS,2025-08-07,599.4000244140625,2025-08-28,547.0999755859375,149,-7792.707275390625,SL,20dma
EIDPARRY.NS,2025-06-09,969.7999877929688,2025-09-04,1125.800048828125,92,14352.005615234375,DMA_CROSS,20dma
THYROCARE.NS,2025-08-21,1340.0,2025-09-15,1189.800048828125,66,-9913.19677734375,SL,20dma
TITAN.NS,2025-09-10,3620.60009765625,2025-09-19,3467.199951171875,24,-3681.603515625,END,20dma
CAPLIPOINT.NS,2025-09-05,2138.39990234375,2025-09-19,2343.0,41,8388.60400390625,END,20dma
TATAINVEST.NS,2025-08-29,6815.5,2025-09-19,7333.5,13,6734.0,END,50dma
FORTIS.NS,2025-08-28,911.4000244140624,2025-09-19,953.9500122070312,98,4169.898803710948,END,20dma
TATAINVEST.NS,2025-08-26,6881.0,2025-09-19,7333.5,13,5882.5,END,20dma
INDIANB.NS,2025-08-26,655.9000244140625,2025-09-19,701.5,136,6201.5966796875,END,20dma
RBLBANK.NS,2025-08-22,253.1499938964844,2025-09-19,271.0,354,6318.902160644521,END,50dma
GODFRYPHLP.NS,2025-07-29,2980.833251953125,2025-09-19,3525.0,30,16325.00244140625,END,20dma
NESCO.NS,2025-07-28,1235.0,2025-09-19,1533.199951171875,72,21470.396484375,END,20dma
HINDUNILVR.NS,2025-07-28,2441.60009765625,2025-09-19,2559.60009765625,36,4248.0,END,20dma
SUDARSCHEM.NS,2025-07-25,1250.199951171875,2025-09-19,1474.4000244140625,71,15918.205200195312,END,20dma
ASIANPAINT.NS,2025-07-18,2382.39990234375,2025-09-19,2481.699951171875,37,3674.101806640625,END,20dma
ABCAPITAL.NS,2025-07-11,269.45001220703125,2025-09-19,289.1499938964844,333,6560.093902587891,END,20dma
PGHL.NS,2025-07-03,5854.0,2025-09-19,6366.5,15,7687.5,END,20dma
NYKAA.NS,2025-06-24,198.3600006103516,2025-09-19,243.6199951171875,452,20457.51751708983,END,20dma
JMFINANCIL.NS,2025-06-23,139.44000244140625,2025-09-19,171.60000610351562,643,20678.882354736328,END,20dma
CUMMINSIND.NS,2025-06-19,3237.300048828125,2025-09-19,4080.39990234375,27,22763.696044921875,END,20dma
HDFCAMC.NS,2025-06-18,4943.0,2025-09-19,5856.5,18,16443.0,END,20dma
KEI.NS,2025-06-17,3612.699951171875,2025-09-19,4200.0,24,14095.201171875,END,20dma
DALBHARAT.NS,2025-06-13,2089.300048828125,2025-09-19,2409.89990234375,42,13465.19384765625,END,20dma
INDIACEM.NS,2025-06-12,331.8999938964844,2025-09-19,398.7000122070313,270,18036.00494384767,END,20dma
RADICO.NS,2025-06-11,2555.10009765625,2025-09-19,3052.5,35,17408.99658203125,END,20dma
BOSCHLTD.NS,2025-06-04,31415.0,2025-09-19,39790.0,2,16750.0,END,20dma
ASTERDM.NS,2025-05-27,548.9000244140625,2025-09-19,650.5499877929688,163,16568.94403076172,END,20dma
RBLBANK.NS,2025-05-26,204.6199951171875,2025-09-19,271.0,438,29074.442138671875,END,20dma
NUVOCO.NS,2025-05-09,329.8500061035156,2025-09-19,447.4500122070313,272,31987.201660156265,END,20dma
BCG.NS,2025-01-22,10.25,2025-09-19,14.899999618530272,7909,36776.84698295592,END,20dma
